RefDes,X_mm,Y_mm,Channel,Package
D1,20.0,20.0,Main White,LED3535_MCPCB
D2,50.0,20.0,Deep Red 660nm,LED3535_MCPCB
D3,80.0,20.0,Blue 450nm,LED3535_MCPCB
D4,110.0,20.0,Warm White,LED3535_MCPCB
D5,140.0,20.0,Main White,LED3535_MCPCB
D6,170.0,20.0,Main White,LED3535_MCPCB
D7,200.0,20.0,Main White,LED3535_MCPCB
D8,230.0,20.0,Main White,LED3535_MCPCB
D9,260.0,20.0,Main White,LED3535_MCPCB
D10,290.0,20.0,Main White,LED3535_MCPCB
D11,320.0,20.0,Deep Red 660nm,LED3535_MCPCB
D12,350.0,20.0,Blue 450nm,LED3535_MCPCB
D13,380.0,20.0,Warm White,LED3535_MCPCB
D14,410.0,20.0,Main White,LED3535_MCPCB
D15,440.0,20.0,Main White,LED3535_MCPCB
D16,470.0,20.0,Main White,LED3535_MCPCB
D17,500.0,20.0,Main White,LED3535_MCPCB
D18,530.0,20.0,Main White,LED3535_MCPCB
D19,20.0,47.059,Main White,LED3535_MCPCB
D20,50.0,47.059,Deep Red 660nm,LED3535_MCPCB
D21,80.0,47.059,Blue 450nm,LED3535_MCPCB
D22,110.0,47.059,Warm White,LED3535_MCPCB
D23,140.0,47.059,Main White,LED3535_MCPCB
D24,170.0,47.059,Main White,LED3535_MCPCB
D25,200.0,47.059,Main White,LED3535_MCPCB
D26,230.0,47.059,Main White,LED3535_MCPCB
D27,260.0,47.059,Main White,LED3535_MCPCB
D28,290.0,47.059,Main White,LED3535_MCPCB
D29,320.0,47.059,Far Red 730nm,LED3535_MCPCB
D30,350.0,47.059,Deep Red 660nm,LED3535_MCPCB
D31,380.0,47.059,Warm White,LED3535_MCPCB
D32,410.0,47.059,Warm White,LED3535_MCPCB
D33,440.0,47.059,Main White,LED3535_MCPCB
D34,470.0,47.059,Main White,LED3535_MCPCB
D35,500.0,47.059,Main White,LED3535_MCPCB
D36,530.0,47.059,Main White,LED3535_MCPCB
D37,20.0,74.118,Main White,LED3535_MCPCB
D38,50.0,74.118,Main White,LED3535_MCPCB
D39,80.0,74.118,Deep Red 660nm,LED3535_MCPCB
D40,110.0,74.118,Blue 450nm,LED3535_MCPCB
D41,140.0,74.118,Warm White,LED3535_MCPCB
D42,170.0,74.118,Main White,LED3535_MCPCB
D43,200.0,74.118,Main White,LED3535_MCPCB
D44,230.0,74.118,Main White,LED3535_MCPCB
D45,260.0,74.118,Main White,LED3535_MCPCB
D46,290.0,74.118,Main White,LED3535_MCPCB
D47,320.0,74.118,Main White,LED3535_MCPCB
D48,350.0,74.118,Deep Red 660nm,LED3535_MCPCB
D49,380.0,74.118,Blue 450nm,LED3535_MCPCB
D50,410.0,74.118,Warm White,LED3535_MCPCB
D51,440.0,74.118,Main White,LED3535_MCPCB
D52,470.0,74.118,Main White,LED3535_MCPCB
D53,500.0,74.118,Main White,LED3535_MCPCB
D54,530.0,74.118,Main White,LED3535_MCPCB
D55,20.0,101.176,Main White,LED3535_MCPCB
D56,50.0,101.176,Main White,LED3535_MCPCB
D57,80.0,101.176,Deep Red 660nm,LED3535_MCPCB
D58,110.0,101.176,Blue 450nm,LED3535_MCPCB
D59,140.0,101.176,Warm White,LED3535_MCPCB
D60,170.0,101.176,Main White,LED3535_MCPCB
D61,200.0,101.176,Main White,LED3535_MCPCB
D62,230.0,101.176,Main White,LED3535_MCPCB
D63,260.0,101.176,Main White,LED3535_MCPCB
D64,290.0,101.176,Main White,LED3535_MCPCB
D65,320.0,101.176,Main White,LED3535_MCPCB
D66,350.0,101.176,Far Red 730nm,LED3535_MCPCB
D67,380.0,101.176,Deep Red 660nm,LED3535_MCPCB
D68,410.0,101.176,Warm White,LED3535_MCPCB
D69,440.0,101.176,Warm White,LED3535_MCPCB
D70,470.0,101.176,Main White,LED3535_MCPCB
D71,500.0,101.176,Main White,LED3535_MCPCB
D72,530.0,101.176,Main White,LED3535_MCPCB
D73,20.0,128.235,Main White,LED3535_MCPCB
D74,50.0,128.235,Main White,LED3535_MCPCB
D75,80.0,128.235,Main White,LED3535_MCPCB
D76,110.0,128.235,Deep Red 660nm,LED3535_MCPCB
D77,140.0,128.235,Blue 450nm,LED3535_MCPCB
D78,170.0,128.235,Warm White,LED3535_MCPCB
D79,200.0,128.235,Main White,LED3535_MCPCB
D80,230.0,128.235,Main White,LED3535_MCPCB
D81,260.0,128.235,Main White,LED3535_MCPCB
D82,290.0,128.235,Main White,LED3535_MCPCB
D83,320.0,128.235,Main White,LED3535_MCPCB
D84,350.0,128.235,Main White,LED3535_MCPCB
D85,380.0,128.235,Deep Red 660nm,LED3535_MCPCB
D86,410.0,128.235,Blue 450nm,LED3535_MCPCB
D87,440.0,128.235,Warm White,LED3535_MCPCB
D88,470.0,128.235,Main White,LED3535_MCPCB
D89,500.0,128.235,Main White,LED3535_MCPCB
D90,530.0,128.235,Main White,LED3535_MCPCB
D91,20.0,155.294,Main White,LED3535_MCPCB
D92,50.0,155.294,Main White,LED3535_MCPCB
D93,80.0,155.294,Main White,LED3535_MCPCB
D94,110.0,155.294,Deep Red 660nm,LED3535_MCPCB
D95,140.0,155.294,Blue 450nm,LED3535_MCPCB
D96,170.0,155.294,Warm White,LED3535_MCPCB
D97,200.0,155.294,Main White,LED3535_MCPCB
D98,230.0,155.294,Main White,LED3535_MCPCB
D99,260.0,155.294,Main White,LED3535_MCPCB
D100,290.0,155.294,Main White,LED3535_MCPCB
D101,320.0,155.294,Main White,LED3535_MCPCB
D102,350.0,155.294,Main White,LED3535_MCPCB
D103,380.0,155.294,Far Red 730nm,LED3535_MCPCB
D104,410.0,155.294,Deep Red 660nm,LED3535_MCPCB
D105,440.0,155.294,Warm White,LED3535_MCPCB
D106,470.0,155.294,Warm White,LED3535_MCPCB
D107,500.0,155.294,Main White,LED3535_MCPCB
D108,530.0,155.294,Main White,LED3535_MCPCB
D109,20.0,182.353,Main White,LED3535_MCPCB
D110,50.0,182.353,Main White,LED3535_MCPCB
D111,80.0,182.353,Main White,LED3535_MCPCB
D112,110.0,182.353,Main White,LED3535_MCPCB
D113,140.0,182.353,Deep Red 660nm,LED3535_MCPCB
D114,170.0,182.353,Blue 450nm,LED3535_MCPCB
D115,200.0,182.353,Warm White,LED3535_MCPCB
D116,230.0,182.353,Main White,LED3535_MCPCB
D117,260.0,182.353,Main White,LED3535_MCPCB
D118,290.0,182.353,Main White,LED3535_MCPCB
D119,320.0,182.353,Main White,LED3535_MCPCB
D120,350.0,182.353,Main White,LED3535_MCPCB
D121,380.0,182.353,Main White,LED3535_MCPCB
D122,410.0,182.353,Deep Red 660nm,LED3535_MCPCB
D123,440.0,182.353,Blue 450nm,LED3535_MCPCB
D124,470.0,182.353,Warm White,LED3535_MCPCB
D125,500.0,182.353,Main White,LED3535_MCPCB
D126,530.0,182.353,Main White,LED3535_MCPCB
D127,20.0,209.412,Main White,LED3535_MCPCB
D128,50.0,209.412,Main White,LED3535_MCPCB
D129,80.0,209.412,Main White,LED3535_MCPCB
D130,110.0,209.412,Main White,LED3535_MCPCB
D131,140.0,209.412,Deep Red 660nm,LED3535_MCPCB
D132,170.0,209.412,Blue 450nm,LED3535_MCPCB
D133,200.0,209.412,Warm White,LED3535_MCPCB
D134,230.0,209.412,Main White,LED3535_MCPCB
D135,260.0,209.412,Main White,LED3535_MCPCB
D136,290.0,209.412,Main White,LED3535_MCPCB
D137,320.0,209.412,Main White,LED3535_MCPCB
D138,350.0,209.412,Main White,LED3535_MCPCB
D139,380.0,209.412,Main White,LED3535_MCPCB
D140,410.0,209.412,Far Red 730nm,LED3535_MCPCB
D141,440.0,209.412,Deep Red 660nm,LED3535_MCPCB
D142,470.0,209.412,Warm White,LED3535_MCPCB
D143,500.0,209.412,Warm White,LED3535_MCPCB
D144,530.0,209.412,Main White,LED3535_MCPCB
D145,20.0,236.471,Main White,LED3535_MCPCB
D146,50.0,236.471,Main White,LED3535_MCPCB
D147,80.0,236.471,Main White,LED3535_MCPCB
D148,110.0,236.471,Main White,LED3535_MCPCB
D149,140.0,236.471,Main White,LED3535_MCPCB
D150,170.0,236.471,Deep Red 660nm,LED3535_MCPCB
D151,200.0,236.471,Blue 450nm,LED3535_MCPCB
D152,230.0,236.471,Warm White,LED3535_MCPCB
D153,260.0,236.471,Main White,LED3535_MCPCB
D154,290.0,236.471,Main White,LED3535_MCPCB
D155,320.0,236.471,Main White,LED3535_MCPCB
D156,350.0,236.471,Main White,LED3535_MCPCB
D157,380.0,236.471,Main White,LED3535_MCPCB
D158,410.0,236.471,Main White,LED3535_MCPCB
D159,440.0,236.471,Deep Red 660nm,LED3535_MCPCB
D160,470.0,236.471,Blue 450nm,LED3535_MCPCB
D161,500.0,236.471,Warm White,LED3535_MCPCB
D162,530.0,236.471,Main White,LED3535_MCPCB
D163,20.0,263.529,Main White,LED3535_MCPCB
D164,50.0,263.529,Main White,LED3535_MCPCB
D165,80.0,263.529,Main White,LED3535_MCPCB
D166,110.0,263.529,Main White,LED3535_MCPCB
D167,140.0,263.529,Main White,LED3535_MCPCB
D168,170.0,263.529,Deep Red 660nm,LED3535_MCPCB
D169,200.0,263.529,Deep Red 660nm,LED3535_MCPCB
D170,230.0,263.529,Warm White,LED3535_MCPCB
D171,260.0,263.529,Main White,LED3535_MCPCB
D172,290.0,263.529,Main White,LED3535_MCPCB
D173,320.0,263.529,Main White,LED3535_MCPCB
D174,350.0,263.529,Main White,LED3535_MCPCB
D175,380.0,263.529,Main White,LED3535_MCPCB
D176,410.0,263.529,Main White,LED3535_MCPCB
D177,440.0,263.529,Far Red 730nm,LED3535_MCPCB
D178,470.0,263.529,Deep Red 660nm,LED3535_MCPCB
D179,500.0,263.529,Warm White,LED3535_MCPCB
D180,530.0,263.529,Warm White,LED3535_MCPCB
D181,20.0,290.588,Main White,LED3535_MCPCB
D182,50.0,290.588,Main White,LED3535_MCPCB
D183,80.0,290.588,Main White,LED3535_MCPCB
D184,110.0,290.588,Main White,LED3535_MCPCB
D185,140.0,290.588,Main White,LED3535_MCPCB
D186,170.0,290.588,Main White,LED3535_MCPCB
D187,200.0,290.588,Deep Red 660nm,LED3535_MCPCB
D188,230.0,290.588,Blue 450nm,LED3535_MCPCB
D189,260.0,290.588,Warm White,LED3535_MCPCB
D190,290.0,290.588,Main White,LED3535_MCPCB
D191,320.0,290.588,Main White,LED3535_MCPCB
D192,350.0,290.588,Main White,LED3535_MCPCB
D193,380.0,290.588,Main White,LED3535_MCPCB
D194,410.0,290.588,Main White,LED3535_MCPCB
D195,440.0,290.588,Main White,LED3535_MCPCB
D196,470.0,290.588,Deep Red 660nm,LED3535_MCPCB
D197,500.0,290.588,Blue 450nm,LED3535_MCPCB
D198,530.0,290.588,Warm White,LED3535_MCPCB
D199,20.0,317.647,Main White,LED3535_MCPCB
D200,50.0,317.647,Main White,LED3535_MCPCB
D201,80.0,317.647,Main White,LED3535_MCPCB
D202,110.0,317.647,Main White,LED3535_MCPCB
D203,140.0,317.647,Main White,LED3535_MCPCB
D204,170.0,317.647,Main White,LED3535_MCPCB
D205,200.0,317.647,Far Red 730nm,LED3535_MCPCB
D206,230.0,317.647,Deep Red 660nm,LED3535_MCPCB
D207,260.0,317.647,Warm White,LED3535_MCPCB
D208,290.0,317.647,Main White,LED3535_MCPCB
D209,320.0,317.647,Main White,LED3535_MCPCB
D210,350.0,317.647,Main White,LED3535_MCPCB
D211,380.0,317.647,Main White,LED3535_MCPCB
D212,410.0,317.647,Main White,LED3535_MCPCB
D213,440.0,317.647,Main White,LED3535_MCPCB
D214,470.0,317.647,Far Red 730nm,LED3535_MCPCB
D215,500.0,317.647,Deep Red 660nm,LED3535_MCPCB
D216,530.0,317.647,Warm White,LED3535_MCPCB
D217,20.0,344.706,Warm White,LED3535_MCPCB
D218,50.0,344.706,Main White,LED3535_MCPCB
D219,80.0,344.706,Main White,LED3535_MCPCB
D220,110.0,344.706,Main White,LED3535_MCPCB
D221,140.0,344.706,Main White,LED3535_MCPCB
D222,170.0,344.706,Main White,LED3535_MCPCB
D223,200.0,344.706,Main White,LED3535_MCPCB
D224,230.0,344.706,Deep Red 660nm,LED3535_MCPCB
D225,260.0,344.706,Blue 450nm,LED3535_MCPCB
D226,290.0,344.706,Warm White,LED3535_MCPCB
D227,320.0,344.706,Main White,LED3535_MCPCB
D228,350.0,344.706,Main White,LED3535_MCPCB
D229,380.0,344.706,Main White,LED3535_MCPCB
D230,410.0,344.706,Main White,LED3535_MCPCB
D231,440.0,344.706,Main White,LED3535_MCPCB
D232,470.0,344.706,Main White,LED3535_MCPCB
D233,500.0,344.706,Deep Red 660nm,LED3535_MCPCB
D234,530.0,344.706,Blue 450nm,LED3535_MCPCB
D235,20.0,371.765,Warm White,LED3535_MCPCB
D236,50.0,371.765,Main White,LED3535_MCPCB
D237,80.0,371.765,Main White,LED3535_MCPCB
D238,110.0,371.765,Main White,LED3535_MCPCB
D239,140.0,371.765,Main White,LED3535_MCPCB
D240,170.0,371.765,Main White,LED3535_MCPCB
D241,200.0,371.765,Main White,LED3535_MCPCB
D242,230.0,371.765,Far Red 730nm,LED3535_MCPCB
D243,260.0,371.765,Deep Red 660nm,LED3535_MCPCB
D244,290.0,371.765,Warm White,LED3535_MCPCB
D245,320.0,371.765,Main White,LED3535_MCPCB
D246,350.0,371.765,Main White,LED3535_MCPCB
D247,380.0,371.765,Main White,LED3535_MCPCB
D248,410.0,371.765,Main White,LED3535_MCPCB
D249,440.0,371.765,Main White,LED3535_MCPCB
D250,470.0,371.765,Main White,LED3535_MCPCB
D251,500.0,371.765,Far Red 730nm,LED3535_MCPCB
D252,530.0,371.765,Deep Red 660nm,LED3535_MCPCB
D253,20.0,398.824,Blue 450nm,LED3535_MCPCB
D254,50.0,398.824,Warm White,LED3535_MCPCB
D255,80.0,398.824,Main White,LED3535_MCPCB
D256,110.0,398.824,Main White,LED3535_MCPCB
D257,140.0,398.824,Main White,LED3535_MCPCB
D258,170.0,398.824,Main White,LED3535_MCPCB
D259,200.0,398.824,Main White,LED3535_MCPCB
D260,230.0,398.824,Main White,LED3535_MCPCB
D261,260.0,398.824,Deep Red 660nm,LED3535_MCPCB
D262,290.0,398.824,Blue 450nm,LED3535_MCPCB
D263,320.0,398.824,Warm White,LED3535_MCPCB
D264,350.0,398.824,Main White,LED3535_MCPCB
D265,380.0,398.824,Main White,LED3535_MCPCB
D266,410.0,398.824,Main White,LED3535_MCPCB
D267,440.0,398.824,Main White,LED3535_MCPCB
D268,470.0,398.824,Main White,LED3535_MCPCB
D269,500.0,398.824,Main White,LED3535_MCPCB
D270,530.0,398.824,Deep Red 660nm,LED3535_MCPCB
D271,20.0,425.882,Blue 450nm,LED3535_MCPCB
D272,50.0,425.882,Warm White,LED3535_MCPCB
D273,80.0,425.882,Main White,LED3535_MCPCB
D274,110.0,425.882,Main White,LED3535_MCPCB
D275,140.0,425.882,Main White,LED3535_MCPCB
D276,170.0,425.882,Main White,LED3535_MCPCB
D277,200.0,425.882,Main White,LED3535_MCPCB
D278,230.0,425.882,Main White,LED3535_MCPCB
D279,260.0,425.882,Far Red 730nm,LED3535_MCPCB
D280,290.0,425.882,Deep Red 660nm,LED3535_MCPCB
D281,320.0,425.882,Warm White,LED3535_MCPCB
D282,350.0,425.882,Main White,LED3535_MCPCB
D283,380.0,425.882,Main White,LED3535_MCPCB
D284,410.0,425.882,Main White,LED3535_MCPCB
D285,440.0,425.882,Main White,LED3535_MCPCB
D286,470.0,425.882,Main White,LED3535_MCPCB
D287,500.0,425.882,Main White,LED3535_MCPCB
D288,530.0,425.882,Far Red 730nm,LED3535_MCPCB
D289,20.0,452.941,Deep Red 660nm,LED3535_MCPCB
D290,50.0,452.941,Blue 450nm,LED3535_MCPCB
D291,80.0,452.941,Warm White,LED3535_MCPCB
D292,110.0,452.941,Main White,LED3535_MCPCB
D293,140.0,452.941,Main White,LED3535_MCPCB
D294,170.0,452.941,Main White,LED3535_MCPCB
D295,200.0,452.941,Main White,LED3535_MCPCB
D296,230.0,452.941,Main White,LED3535_MCPCB
D297,260.0,452.941,Main White,LED3535_MCPCB
D298,290.0,452.941,Deep Red 660nm,LED3535_MCPCB
D299,320.0,452.941,Blue 450nm,LED3535_MCPCB
D300,350.0,452.941,Warm White,LED3535_MCPCB
D301,380.0,452.941,Main White,LED3535_MCPCB
D302,410.0,452.941,Main White,LED3535_MCPCB
D303,440.0,452.941,Main White,LED3535_MCPCB
D304,470.0,452.941,Main White,LED3535_MCPCB
D305,500.0,452.941,Main White,LED3535_MCPCB
D306,530.0,452.941,Main White,LED3535_MCPCB
D307,20.0,480.0,Deep Red 660nm,LED3535_MCPCB
D308,50.0,480.0,Blue 450nm,LED3535_MCPCB
D309,80.0,480.0,Warm White,LED3535_MCPCB
D310,110.0,480.0,Main White,LED3535_MCPCB
D311,140.0,480.0,Main White,LED3535_MCPCB
D312,170.0,480.0,Main White,LED3535_MCPCB
D313,200.0,480.0,Main White,LED3535_MCPCB
D314,230.0,480.0,Main White,LED3535_MCPCB
D315,260.0,480.0,Main White,LED3535_MCPCB
D316,290.0,480.0,Far Red 730nm,LED3535_MCPCB
D317,320.0,480.0,Deep Red 660nm,LED3535_MCPCB
D318,350.0,480.0,Warm White,LED3535_MCPCB
D319,380.0,480.0,Warm White,LED3535_MCPCB
D320,410.0,480.0,Main White,LED3535_MCPCB
D321,440.0,480.0,Main White,LED3535_MCPCB
D322,470.0,480.0,Main White,LED3535_MCPCB
D323,500.0,480.0,Main White,LED3535_MCPCB
D324,530.0,480.0,Main White,LED3535_MCPCB
