ref,x_mm,y_mm,rotation_deg,package,logical_channel,physical_output,channel_short,part_number
D001,20.0,20.0,0,3030,Main White,CH1A,MWA,GE-3030WXXX-Q1B2D0-4
D002,20.0,71.11,0,3030,Main White,CH1B,MWB,GE-3030WXXX-Q1B2D0-4
D003,20.0,122.22,0,3030,Main White,CH1A,MWA,GE-3030WXXX-Q1B2D0-4
D004,20.0,173.33,0,3030,Main White,CH1B,MWB,GE-3030WXXX-Q1B2D0-4
D005,20.0,224.44,0,3030,Main White,CH1A,MWA,GE-3030WXXX-Q1B2D0-4
D006,20.0,275.56,0,3030,Main White,CH1B,MWB,GE-3030WXXX-Q1B2D0-4
D007,20.0,326.67,0,3030,Main White,CH1A,MWA,GE-3030WXXX-Q1B2D0-4
D008,20.0,377.78,0,3030,Main White,CH1B,MWB,GE-3030WXXX-Q1B2D0-4
D009,20.0,428.89,0,3030,Main White,CH1A,MWA,GE-3030WXXX-Q1B2D0-4
D010,20.0,480.0,0,3030,Main White,CH1B,MWB,GE-3030WXXX-Q1B2D0-4
D011,45.5,20.0,0,3030,Main White,CH1B,MWB,GE-3030WXXX-Q1B2D0-4
D012,45.5,71.11,0,3030,Main White,CH1A,MWA,GE-3030WXXX-Q1B2D0-4
D013,45.5,122.22,0,3030,Main White,CH1B,MWB,GE-3030WXXX-Q1B2D0-4
D014,45.5,173.33,0,3030,Main White,CH1A,MWA,GE-3030WXXX-Q1B2D0-4
D015,45.5,224.44,0,3030,Main White,CH1B,MWB,GE-3030WXXX-Q1B2D0-4
D016,45.5,275.56,0,3030,Main White,CH1A,MWA,GE-3030WXXX-Q1B2D0-4
D017,45.5,326.67,0,3030,Main White,CH1B,MWB,GE-3030WXXX-Q1B2D0-4
D018,45.5,377.78,0,3030,Main White,CH1A,MWA,GE-3030WXXX-Q1B2D0-4
D019,45.5,428.89,0,3030,Main White,CH1B,MWB,GE-3030WXXX-Q1B2D0-4
D020,45.5,480.0,0,3030,Main White,CH1A,MWA,GE-3030WXXX-Q1B2D0-4
D021,71.0,20.0,0,3030,Main White,CH1A,MWA,GE-3030WXXX-Q1B2D0-4
D022,71.0,71.11,0,3030,Main White,CH1B,MWB,GE-3030WXXX-Q1B2D0-4
D023,71.0,122.22,0,3030,Main White,CH1A,MWA,GE-3030WXXX-Q1B2D0-4
D024,71.0,173.33,0,3030,Main White,CH1B,MWB,GE-3030WXXX-Q1B2D0-4
D025,71.0,224.44,0,3030,Main White,CH1A,MWA,GE-3030WXXX-Q1B2D0-4
D026,71.0,275.56,0,3030,Main White,CH1B,MWB,GE-3030WXXX-Q1B2D0-4
D027,71.0,326.67,0,3030,Main White,CH1A,MWA,GE-3030WXXX-Q1B2D0-4
D028,71.0,377.78,0,3030,Main White,CH1B,MWB,GE-3030WXXX-Q1B2D0-4
D029,71.0,428.89,0,3030,Main White,CH1A,MWA,GE-3030WXXX-Q1B2D0-4
D030,71.0,480.0,0,3030,Main White,CH1B,MWB,GE-3030WXXX-Q1B2D0-4
D031,96.5,20.0,0,3030,Main White,CH1B,MWB,GE-3030WXXX-Q1B2D0-4
D032,96.5,71.11,0,3030,Main White,CH1A,MWA,GE-3030WXXX-Q1B2D0-4
D033,96.5,122.22,0,3030,Main White,CH1B,MWB,GE-3030WXXX-Q1B2D0-4
D034,96.5,173.33,0,3030,Main White,CH1A,MWA,GE-3030WXXX-Q1B2D0-4
D035,96.5,224.44,0,3030,Main White,CH1B,MWB,GE-3030WXXX-Q1B2D0-4
D036,96.5,275.56,0,3030,Main White,CH1A,MWA,GE-3030WXXX-Q1B2D0-4
D037,96.5,326.67,0,3030,Main White,CH1B,MWB,GE-3030WXXX-Q1B2D0-4
D038,96.5,377.78,0,3030,Main White,CH1A,MWA,GE-3030WXXX-Q1B2D0-4
D039,96.5,428.89,0,3030,Main White,CH1B,MWB,GE-3030WXXX-Q1B2D0-4
D040,96.5,480.0,0,3030,Main White,CH1A,MWA,GE-3030WXXX-Q1B2D0-4
D041,122.0,20.0,0,3030,Main White,CH1A,MWA,GE-3030WXXX-Q1B2D0-4
D042,122.0,71.11,0,3030,Main White,CH1B,MWB,GE-3030WXXX-Q1B2D0-4
D043,122.0,122.22,0,3030,Main White,CH1A,MWA,GE-3030WXXX-Q1B2D0-4
D044,122.0,173.33,0,3030,Main White,CH1B,MWB,GE-3030WXXX-Q1B2D0-4
D045,122.0,224.44,0,3030,Main White,CH1A,MWA,GE-3030WXXX-Q1B2D0-4
D046,122.0,275.56,0,3030,Main White,CH1B,MWB,GE-3030WXXX-Q1B2D0-4
D047,122.0,326.67,0,3030,Main White,CH1A,MWA,GE-3030WXXX-Q1B2D0-4
D048,122.0,377.78,0,3030,Main White,CH1B,MWB,GE-3030WXXX-Q1B2D0-4
D049,122.0,428.89,0,3030,Main White,CH1A,MWA,GE-3030WXXX-Q1B2D0-4
D050,122.0,480.0,0,3030,Main White,CH1B,MWB,GE-3030WXXX-Q1B2D0-4
D051,147.5,20.0,0,3030,Main White,CH1B,MWB,GE-3030WXXX-Q1B2D0-4
D052,147.5,71.11,0,3030,Main White,CH1A,MWA,GE-3030WXXX-Q1B2D0-4
D053,147.5,122.22,0,3030,Main White,CH1B,MWB,GE-3030WXXX-Q1B2D0-4
D054,147.5,173.33,0,3030,Main White,CH1A,MWA,GE-3030WXXX-Q1B2D0-4
D055,147.5,224.44,0,3030,Main White,CH1B,MWB,GE-3030WXXX-Q1B2D0-4
D056,147.5,275.56,0,3030,Main White,CH1A,MWA,GE-3030WXXX-Q1B2D0-4
D057,147.5,326.67,0,3030,Main White,CH1B,MWB,GE-3030WXXX-Q1B2D0-4
D058,147.5,377.78,0,3030,Main White,CH1A,MWA,GE-3030WXXX-Q1B2D0-4
D059,147.5,428.89,0,3030,Main White,CH1B,MWB,GE-3030WXXX-Q1B2D0-4
D060,147.5,480.0,0,3030,Main White,CH1A,MWA,GE-3030WXXX-Q1B2D0-4
D061,173.0,20.0,0,3030,Main White,CH1A,MWA,GE-3030WXXX-Q1B2D0-4
D062,173.0,71.11,0,3030,Main White,CH1B,MWB,GE-3030WXXX-Q1B2D0-4
D063,173.0,122.22,0,3030,Main White,CH1A,MWA,GE-3030WXXX-Q1B2D0-4
D064,173.0,173.33,0,3030,Main White,CH1B,MWB,GE-3030WXXX-Q1B2D0-4
D065,173.0,224.44,0,3030,Main White,CH1A,MWA,GE-3030WXXX-Q1B2D0-4
D066,173.0,275.56,0,3030,Main White,CH1B,MWB,GE-3030WXXX-Q1B2D0-4
D067,173.0,326.67,0,3030,Main White,CH1A,MWA,GE-3030WXXX-Q1B2D0-4
D068,173.0,377.78,0,3030,Main White,CH1B,MWB,GE-3030WXXX-Q1B2D0-4
D069,173.0,428.89,0,3030,Main White,CH1A,MWA,GE-3030WXXX-Q1B2D0-4
D070,173.0,480.0,0,3030,Main White,CH1B,MWB,GE-3030WXXX-Q1B2D0-4
D071,198.5,20.0,0,3030,Main White,CH1B,MWB,GE-3030WXXX-Q1B2D0-4
D072,198.5,71.11,0,3030,Main White,CH1A,MWA,GE-3030WXXX-Q1B2D0-4
D073,198.5,122.22,0,3030,Main White,CH1B,MWB,GE-3030WXXX-Q1B2D0-4
D074,198.5,173.33,0,3030,Main White,CH1A,MWA,GE-3030WXXX-Q1B2D0-4
D075,198.5,224.44,0,3030,Main White,CH1B,MWB,GE-3030WXXX-Q1B2D0-4
D076,198.5,275.56,0,3030,Main White,CH1A,MWA,GE-3030WXXX-Q1B2D0-4
D077,198.5,326.67,0,3030,Main White,CH1B,MWB,GE-3030WXXX-Q1B2D0-4
D078,198.5,377.78,0,3030,Main White,CH1A,MWA,GE-3030WXXX-Q1B2D0-4
D079,198.5,428.89,0,3030,Main White,CH1B,MWB,GE-3030WXXX-Q1B2D0-4
D080,198.5,480.0,0,3030,Main White,CH1A,MWA,GE-3030WXXX-Q1B2D0-4
D081,224.0,20.0,0,3030,Main White,CH1A,MWA,GE-3030WXXX-Q1B2D0-4
D082,224.0,71.11,0,3030,Main White,CH1B,MWB,GE-3030WXXX-Q1B2D0-4
D083,224.0,122.22,0,3030,Main White,CH1A,MWA,GE-3030WXXX-Q1B2D0-4
D084,224.0,173.33,0,3030,Main White,CH1B,MWB,GE-3030WXXX-Q1B2D0-4
D085,224.0,224.44,0,3030,Main White,CH1A,MWA,GE-3030WXXX-Q1B2D0-4
D086,224.0,275.56,0,3030,Main White,CH1B,MWB,GE-3030WXXX-Q1B2D0-4
D087,224.0,326.67,0,3030,Main White,CH1A,MWA,GE-3030WXXX-Q1B2D0-4
D088,224.0,377.78,0,3030,Main White,CH1B,MWB,GE-3030WXXX-Q1B2D0-4
D089,224.0,428.89,0,3030,Main White,CH1A,MWA,GE-3030WXXX-Q1B2D0-4
D090,224.0,480.0,0,3030,Main White,CH1B,MWB,GE-3030WXXX-Q1B2D0-4
D091,249.5,20.0,0,3030,Main White,CH1B,MWB,GE-3030WXXX-Q1B2D0-4
D092,249.5,71.11,0,3030,Main White,CH1A,MWA,GE-3030WXXX-Q1B2D0-4
D093,249.5,122.22,0,3030,Main White,CH1B,MWB,GE-3030WXXX-Q1B2D0-4
D094,249.5,173.33,0,3030,Main White,CH1A,MWA,GE-3030WXXX-Q1B2D0-4
D095,249.5,224.44,0,3030,Main White,CH1B,MWB,GE-3030WXXX-Q1B2D0-4
D096,249.5,275.56,0,3030,Main White,CH1A,MWA,GE-3030WXXX-Q1B2D0-4
D097,249.5,326.67,0,3030,Main White,CH1B,MWB,GE-3030WXXX-Q1B2D0-4
D098,249.5,377.78,0,3030,Main White,CH1A,MWA,GE-3030WXXX-Q1B2D0-4
D099,249.5,428.89,0,3030,Main White,CH1B,MWB,GE-3030WXXX-Q1B2D0-4
D100,249.5,480.0,0,3030,Main White,CH1A,MWA,GE-3030WXXX-Q1B2D0-4
D101,275.0,20.0,0,3030,Main White,CH1A,MWA,GE-3030WXXX-Q1B2D0-4
D102,275.0,71.11,0,3030,Main White,CH1B,MWB,GE-3030WXXX-Q1B2D0-4
D103,275.0,122.22,0,3030,Main White,CH1A,MWA,GE-3030WXXX-Q1B2D0-4
D104,275.0,173.33,0,3030,Main White,CH1B,MWB,GE-3030WXXX-Q1B2D0-4
D105,275.0,224.44,0,3030,Main White,CH1A,MWA,GE-3030WXXX-Q1B2D0-4
D106,275.0,275.56,0,3030,Main White,CH1B,MWB,GE-3030WXXX-Q1B2D0-4
D107,275.0,326.67,0,3030,Main White,CH1A,MWA,GE-3030WXXX-Q1B2D0-4
D108,275.0,377.78,0,3030,Main White,CH1B,MWB,GE-3030WXXX-Q1B2D0-4
D109,275.0,428.89,0,3030,Main White,CH1A,MWA,GE-3030WXXX-Q1B2D0-4
D110,275.0,480.0,0,3030,Main White,CH1B,MWB,GE-3030WXXX-Q1B2D0-4
D111,300.5,20.0,0,3030,Main White,CH1B,MWB,GE-3030WXXX-Q1B2D0-4
D112,300.5,71.11,0,3030,Main White,CH1A,MWA,GE-3030WXXX-Q1B2D0-4
D113,300.5,122.22,0,3030,Main White,CH1B,MWB,GE-3030WXXX-Q1B2D0-4
D114,300.5,173.33,0,3030,Main White,CH1A,MWA,GE-3030WXXX-Q1B2D0-4
D115,300.5,224.44,0,3030,Main White,CH1B,MWB,GE-3030WXXX-Q1B2D0-4
D116,300.5,275.56,0,3030,Main White,CH1A,MWA,GE-3030WXXX-Q1B2D0-4
D117,300.5,326.67,0,3030,Main White,CH1B,MWB,GE-3030WXXX-Q1B2D0-4
D118,300.5,377.78,0,3030,Main White,CH1A,MWA,GE-3030WXXX-Q1B2D0-4
D119,300.5,428.89,0,3030,Main White,CH1B,MWB,GE-3030WXXX-Q1B2D0-4
D120,300.5,480.0,0,3030,Main White,CH1A,MWA,GE-3030WXXX-Q1B2D0-4
D121,326.0,20.0,0,3030,Main White,CH1A,MWA,GE-3030WXXX-Q1B2D0-4
D122,326.0,71.11,0,3030,Main White,CH1B,MWB,GE-3030WXXX-Q1B2D0-4
D123,326.0,122.22,0,3030,Main White,CH1A,MWA,GE-3030WXXX-Q1B2D0-4
D124,326.0,173.33,0,3030,Main White,CH1B,MWB,GE-3030WXXX-Q1B2D0-4
D125,326.0,224.44,0,3030,Main White,CH1A,MWA,GE-3030WXXX-Q1B2D0-4
D126,326.0,275.56,0,3030,Main White,CH1B,MWB,GE-3030WXXX-Q1B2D0-4
D127,326.0,326.67,0,3030,Main White,CH1A,MWA,GE-3030WXXX-Q1B2D0-4
D128,326.0,377.78,0,3030,Main White,CH1B,MWB,GE-3030WXXX-Q1B2D0-4
D129,326.0,428.89,0,3030,Main White,CH1A,MWA,GE-3030WXXX-Q1B2D0-4
D130,326.0,480.0,0,3030,Main White,CH1B,MWB,GE-3030WXXX-Q1B2D0-4
D131,351.5,20.0,0,3030,Main White,CH1B,MWB,GE-3030WXXX-Q1B2D0-4
D132,351.5,71.11,0,3030,Main White,CH1A,MWA,GE-3030WXXX-Q1B2D0-4
D133,351.5,122.22,0,3030,Main White,CH1B,MWB,GE-3030WXXX-Q1B2D0-4
D134,351.5,173.33,0,3030,Main White,CH1A,MWA,GE-3030WXXX-Q1B2D0-4
D135,351.5,224.44,0,3030,Main White,CH1B,MWB,GE-3030WXXX-Q1B2D0-4
D136,351.5,275.56,0,3030,Main White,CH1A,MWA,GE-3030WXXX-Q1B2D0-4
D137,351.5,326.67,0,3030,Main White,CH1B,MWB,GE-3030WXXX-Q1B2D0-4
D138,351.5,377.78,0,3030,Main White,CH1A,MWA,GE-3030WXXX-Q1B2D0-4
D139,351.5,428.89,0,3030,Main White,CH1B,MWB,GE-3030WXXX-Q1B2D0-4
D140,351.5,480.0,0,3030,Main White,CH1A,MWA,GE-3030WXXX-Q1B2D0-4
D141,377.0,20.0,0,3030,Main White,CH1A,MWA,GE-3030WXXX-Q1B2D0-4
D142,377.0,71.11,0,3030,Main White,CH1B,MWB,GE-3030WXXX-Q1B2D0-4
D143,377.0,122.22,0,3030,Main White,CH1A,MWA,GE-3030WXXX-Q1B2D0-4
D144,377.0,173.33,0,3030,Main White,CH1B,MWB,GE-3030WXXX-Q1B2D0-4
D145,377.0,224.44,0,3030,Main White,CH1A,MWA,GE-3030WXXX-Q1B2D0-4
D146,377.0,275.56,0,3030,Main White,CH1B,MWB,GE-3030WXXX-Q1B2D0-4
D147,377.0,326.67,0,3030,Main White,CH1A,MWA,GE-3030WXXX-Q1B2D0-4
D148,377.0,377.78,0,3030,Main White,CH1B,MWB,GE-3030WXXX-Q1B2D0-4
D149,377.0,428.89,0,3030,Main White,CH1A,MWA,GE-3030WXXX-Q1B2D0-4
D150,377.0,480.0,0,3030,Main White,CH1B,MWB,GE-3030WXXX-Q1B2D0-4
D151,402.5,20.0,0,3030,Main White,CH1B,MWB,GE-3030WXXX-Q1B2D0-4
D152,402.5,71.11,0,3030,Main White,CH1A,MWA,GE-3030WXXX-Q1B2D0-4
D153,402.5,122.22,0,3030,Main White,CH1B,MWB,GE-3030WXXX-Q1B2D0-4
D154,402.5,173.33,0,3030,Main White,CH1A,MWA,GE-3030WXXX-Q1B2D0-4
D155,402.5,224.44,0,3030,Main White,CH1B,MWB,GE-3030WXXX-Q1B2D0-4
D156,402.5,275.56,0,3030,Main White,CH1A,MWA,GE-3030WXXX-Q1B2D0-4
D157,402.5,326.67,0,3030,Main White,CH1B,MWB,GE-3030WXXX-Q1B2D0-4
D158,402.5,377.78,0,3030,Main White,CH1A,MWA,GE-3030WXXX-Q1B2D0-4
D159,402.5,428.89,0,3030,Main White,CH1B,MWB,GE-3030WXXX-Q1B2D0-4
D160,402.5,480.0,0,3030,Main White,CH1A,MWA,GE-3030WXXX-Q1B2D0-4
D161,428.0,20.0,0,3030,Main White,CH1A,MWA,GE-3030WXXX-Q1B2D0-4
D162,428.0,71.11,0,3030,Main White,CH1B,MWB,GE-3030WXXX-Q1B2D0-4
D163,428.0,122.22,0,3030,Main White,CH1A,MWA,GE-3030WXXX-Q1B2D0-4
D164,428.0,173.33,0,3030,Main White,CH1B,MWB,GE-3030WXXX-Q1B2D0-4
D165,428.0,224.44,0,3030,Main White,CH1A,MWA,GE-3030WXXX-Q1B2D0-4
D166,428.0,275.56,0,3030,Main White,CH1B,MWB,GE-3030WXXX-Q1B2D0-4
D167,428.0,326.67,0,3030,Main White,CH1A,MWA,GE-3030WXXX-Q1B2D0-4
D168,428.0,377.78,0,3030,Main White,CH1B,MWB,GE-3030WXXX-Q1B2D0-4
D169,428.0,428.89,0,3030,Main White,CH1A,MWA,GE-3030WXXX-Q1B2D0-4
D170,428.0,480.0,0,3030,Main White,CH1B,MWB,GE-3030WXXX-Q1B2D0-4
D171,453.5,20.0,0,3030,Main White,CH1B,MWB,GE-3030WXXX-Q1B2D0-4
D172,453.5,71.11,0,3030,Main White,CH1A,MWA,GE-3030WXXX-Q1B2D0-4
D173,453.5,122.22,0,3030,Main White,CH1B,MWB,GE-3030WXXX-Q1B2D0-4
D174,453.5,173.33,0,3030,Main White,CH1A,MWA,GE-3030WXXX-Q1B2D0-4
D175,453.5,224.44,0,3030,Main White,CH1B,MWB,GE-3030WXXX-Q1B2D0-4
D176,453.5,275.56,0,3030,Main White,CH1A,MWA,GE-3030WXXX-Q1B2D0-4
D177,453.5,326.67,0,3030,Main White,CH1B,MWB,GE-3030WXXX-Q1B2D0-4
D178,453.5,377.78,0,3030,Main White,CH1A,MWA,GE-3030WXXX-Q1B2D0-4
D179,453.5,428.89,0,3030,Main White,CH1B,MWB,GE-3030WXXX-Q1B2D0-4
D180,453.5,480.0,0,3030,Main White,CH1A,MWA,GE-3030WXXX-Q1B2D0-4
D181,479.0,20.0,0,3030,Main White,CH1A,MWA,GE-3030WXXX-Q1B2D0-4
D182,479.0,71.11,0,3030,Main White,CH1B,MWB,GE-3030WXXX-Q1B2D0-4
D183,479.0,122.22,0,3030,Main White,CH1A,MWA,GE-3030WXXX-Q1B2D0-4
D184,479.0,173.33,0,3030,Main White,CH1B,MWB,GE-3030WXXX-Q1B2D0-4
D185,479.0,224.44,0,3030,Main White,CH1A,MWA,GE-3030WXXX-Q1B2D0-4
D186,479.0,275.56,0,3030,Main White,CH1B,MWB,GE-3030WXXX-Q1B2D0-4
D187,479.0,326.67,0,3030,Main White,CH1A,MWA,GE-3030WXXX-Q1B2D0-4
D188,479.0,377.78,0,3030,Main White,CH1B,MWB,GE-3030WXXX-Q1B2D0-4
D189,479.0,428.89,0,3030,Main White,CH1A,MWA,GE-3030WXXX-Q1B2D0-4
D190,479.0,480.0,0,3030,Main White,CH1B,MWB,GE-3030WXXX-Q1B2D0-4
D191,504.5,20.0,0,3030,Main White,CH1B,MWB,GE-3030WXXX-Q1B2D0-4
D192,504.5,71.11,0,3030,Main White,CH1A,MWA,GE-3030WXXX-Q1B2D0-4
D193,504.5,122.22,0,3030,Main White,CH1B,MWB,GE-3030WXXX-Q1B2D0-4
D194,504.5,173.33,0,3030,Main White,CH1A,MWA,GE-3030WXXX-Q1B2D0-4
D195,504.5,224.44,0,3030,Main White,CH1B,MWB,GE-3030WXXX-Q1B2D0-4
D196,504.5,275.56,0,3030,Main White,CH1A,MWA,GE-3030WXXX-Q1B2D0-4
D197,504.5,326.67,0,3030,Main White,CH1B,MWB,GE-3030WXXX-Q1B2D0-4
D198,504.5,377.78,0,3030,Main White,CH1A,MWA,GE-3030WXXX-Q1B2D0-4
D199,504.5,428.89,0,3030,Main White,CH1B,MWB,GE-3030WXXX-Q1B2D0-4
D200,504.5,480.0,0,3030,Main White,CH1A,MWA,GE-3030WXXX-Q1B2D0-4
D201,530.0,20.0,0,3030,Main White,CH1A,MWA,GE-3030WXXX-Q1B2D0-4
D202,530.0,71.11,0,3030,Main White,CH1B,MWB,GE-3030WXXX-Q1B2D0-4
D203,530.0,122.22,0,3030,Main White,CH1A,MWA,GE-3030WXXX-Q1B2D0-4
D204,530.0,173.33,0,3030,Main White,CH1B,MWB,GE-3030WXXX-Q1B2D0-4
D205,530.0,224.44,0,3030,Main White,CH1A,MWA,GE-3030WXXX-Q1B2D0-4
D206,530.0,275.56,0,3030,Main White,CH1B,MWB,GE-3030WXXX-Q1B2D0-4
D207,530.0,326.67,0,3030,Main White,CH1A,MWA,GE-3030WXXX-Q1B2D0-4
D208,530.0,377.78,0,3030,Main White,CH1B,MWB,GE-3030WXXX-Q1B2D0-4
D209,530.0,428.89,0,3030,Main White,CH1A,MWA,GE-3030WXXX-Q1B2D0-4
D210,530.0,480.0,0,3030,Main White,CH1B,MWB,GE-3030WXXX-Q1B2D0-4
D211,40,35,0,3030,Warm White,CH2,WW,GC-3030WXXX-J2B2D0-4
D212,130,35,0,3030,Warm White,CH2,WW,GC-3030WXXX-J2B2D0-4
D213,220,35,0,3030,Warm White,CH2,WW,GC-3030WXXX-J2B2D0-4
D214,310,35,0,3030,Warm White,CH2,WW,GC-3030WXXX-J2B2D0-4
D215,400,35,0,3030,Warm White,CH2,WW,GC-3030WXXX-J2B2D0-4
D216,490,35,0,3030,Warm White,CH2,WW,GC-3030WXXX-J2B2D0-4
D217,60,130,0,3030,Warm White,CH2,WW,GC-3030WXXX-J2B2D0-4
D218,150,130,0,3030,Warm White,CH2,WW,GC-3030WXXX-J2B2D0-4
D219,240,130,0,3030,Warm White,CH2,WW,GC-3030WXXX-J2B2D0-4
D220,330,130,0,3030,Warm White,CH2,WW,GC-3030WXXX-J2B2D0-4
D221,420,130,0,3030,Warm White,CH2,WW,GC-3030WXXX-J2B2D0-4
D222,510,130,0,3030,Warm White,CH2,WW,GC-3030WXXX-J2B2D0-4
D223,40,225,0,3030,Warm White,CH2,WW,GC-3030WXXX-J2B2D0-4
D224,130,225,0,3030,Warm White,CH2,WW,GC-3030WXXX-J2B2D0-4
D225,220,225,0,3030,Warm White,CH2,WW,GC-3030WXXX-J2B2D0-4
D226,310,225,0,3030,Warm White,CH2,WW,GC-3030WXXX-J2B2D0-4
D227,400,225,0,3030,Warm White,CH2,WW,GC-3030WXXX-J2B2D0-4
D228,490,225,0,3030,Warm White,CH2,WW,GC-3030WXXX-J2B2D0-4
D229,60,320,0,3030,Warm White,CH2,WW,GC-3030WXXX-J2B2D0-4
D230,150,320,0,3030,Warm White,CH2,WW,GC-3030WXXX-J2B2D0-4
D231,240,320,0,3030,Warm White,CH2,WW,GC-3030WXXX-J2B2D0-4
D232,330,320,0,3030,Warm White,CH2,WW,GC-3030WXXX-J2B2D0-4
D233,420,320,0,3030,Warm White,CH2,WW,GC-3030WXXX-J2B2D0-4
D234,510,320,0,3030,Warm White,CH2,WW,GC-3030WXXX-J2B2D0-4
D235,40,415,0,3030,Warm White,CH2,WW,GC-3030WXXX-J2B2D0-4
D236,130,415,0,3030,Warm White,CH2,WW,GC-3030WXXX-J2B2D0-4
D237,220,415,0,3030,Warm White,CH2,WW,GC-3030WXXX-J2B2D0-4
D238,310,415,0,3030,Warm White,CH2,WW,GC-3030WXXX-J2B2D0-4
D239,400,415,0,3030,Warm White,CH2,WW,GC-3030WXXX-J2B2D0-4
D240,490,415,0,3030,Warm White,CH2,WW,GC-3030WXXX-J2B2D0-4
D241,60,480,0,3030,Warm White,CH2,WW,GC-3030WXXX-J2B2D0-4
D242,150,460,0,3030,Warm White,CH2,WW,GC-3030WXXX-J2B2D0-4
D243,240,440,0,3030,Warm White,CH2,WW,GC-3030WXXX-J2B2D0-4
D244,330,420,0,3030,Warm White,CH2,WW,GC-3030WXXX-J2B2D0-4
D245,420,400,0,3030,Warm White,CH2,WW,GC-3030WXXX-J2B2D0-4
D246,510,480,0,3030,Warm White,CH2,WW,GC-3030WXXX-J2B2D0-4
D247,40,460,0,3030,Warm White,CH2,WW,GC-3030WXXX-J2B2D0-4
D248,130,440,0,3030,Warm White,CH2,WW,GC-3030WXXX-J2B2D0-4
D249,220,420,0,3030,Warm White,CH2,WW,GC-3030WXXX-J2B2D0-4
D250,310,400,0,3030,Warm White,CH2,WW,GC-3030WXXX-J2B2D0-4
D251,400,480,0,3030,Warm White,CH2,WW,GC-3030WXXX-J2B2D0-4
D252,490,460,0,3030,Warm White,CH2,WW,GC-3030WXXX-J2B2D0-4
D253,40,45,0,3535,Blue 450 nm,CH3,B450,GT-3535B450-S1D0
D254,130,45,0,3535,Blue 450 nm,CH3,B450,GT-3535B450-S1D0
D255,220,45,0,3535,Blue 450 nm,CH3,B450,GT-3535B450-S1D0
D256,310,45,0,3535,Blue 450 nm,CH3,B450,GT-3535B450-S1D0
D257,400,45,0,3535,Blue 450 nm,CH3,B450,GT-3535B450-S1D0
D258,490,45,0,3535,Blue 450 nm,CH3,B450,GT-3535B450-S1D0
D259,60,140,0,3535,Blue 450 nm,CH3,B450,GT-3535B450-S1D0
D260,150,140,0,3535,Blue 450 nm,CH3,B450,GT-3535B450-S1D0
D261,240,140,0,3535,Blue 450 nm,CH3,B450,GT-3535B450-S1D0
D262,330,140,0,3535,Blue 450 nm,CH3,B450,GT-3535B450-S1D0
D263,420,140,0,3535,Blue 450 nm,CH3,B450,GT-3535B450-S1D0
D264,510,140,0,3535,Blue 450 nm,CH3,B450,GT-3535B450-S1D0
D265,40,235,0,3535,Blue 450 nm,CH3,B450,GT-3535B450-S1D0
D266,130,235,0,3535,Blue 450 nm,CH3,B450,GT-3535B450-S1D0
D267,220,235,0,3535,Blue 450 nm,CH3,B450,GT-3535B450-S1D0
D268,310,235,0,3535,Blue 450 nm,CH3,B450,GT-3535B450-S1D0
D269,400,235,0,3535,Blue 450 nm,CH3,B450,GT-3535B450-S1D0
D270,490,235,0,3535,Blue 450 nm,CH3,B450,GT-3535B450-S1D0
D271,60,330,0,3535,Blue 450 nm,CH3,B450,GT-3535B450-S1D0
D272,150,330,0,3535,Blue 450 nm,CH3,B450,GT-3535B450-S1D0
D273,240,330,0,3535,Blue 450 nm,CH3,B450,GT-3535B450-S1D0
D274,330,330,0,3535,Blue 450 nm,CH3,B450,GT-3535B450-S1D0
D275,420,330,0,3535,Blue 450 nm,CH3,B450,GT-3535B450-S1D0
D276,510,330,0,3535,Blue 450 nm,CH3,B450,GT-3535B450-S1D0
D277,40,35,0,3535,Deep Red 660 nm,CH4,R660,GT-3535R660-S2F0
D278,130,35,0,3535,Deep Red 660 nm,CH4,R660,GT-3535R660-S2F0
D279,220,35,0,3535,Deep Red 660 nm,CH4,R660,GT-3535R660-S2F0
D280,310,35,0,3535,Deep Red 660 nm,CH4,R660,GT-3535R660-S2F0
D281,400,35,0,3535,Deep Red 660 nm,CH4,R660,GT-3535R660-S2F0
D282,490,35,0,3535,Deep Red 660 nm,CH4,R660,GT-3535R660-S2F0
D283,60,130,0,3535,Deep Red 660 nm,CH4,R660,GT-3535R660-S2F0
D284,150,130,0,3535,Deep Red 660 nm,CH4,R660,GT-3535R660-S2F0
D285,240,130,0,3535,Deep Red 660 nm,CH4,R660,GT-3535R660-S2F0
D286,330,130,0,3535,Deep Red 660 nm,CH4,R660,GT-3535R660-S2F0
D287,420,130,0,3535,Deep Red 660 nm,CH4,R660,GT-3535R660-S2F0
D288,510,130,0,3535,Deep Red 660 nm,CH4,R660,GT-3535R660-S2F0
D289,40,225,0,3535,Deep Red 660 nm,CH4,R660,GT-3535R660-S2F0
D290,130,225,0,3535,Deep Red 660 nm,CH4,R660,GT-3535R660-S2F0
D291,220,225,0,3535,Deep Red 660 nm,CH4,R660,GT-3535R660-S2F0
D292,310,225,0,3535,Deep Red 660 nm,CH4,R660,GT-3535R660-S2F0
D293,400,225,0,3535,Deep Red 660 nm,CH4,R660,GT-3535R660-S2F0
D294,490,225,0,3535,Deep Red 660 nm,CH4,R660,GT-3535R660-S2F0
D295,60,320,0,3535,Deep Red 660 nm,CH4,R660,GT-3535R660-S2F0
D296,150,320,0,3535,Deep Red 660 nm,CH4,R660,GT-3535R660-S2F0
D297,240,320,0,3535,Deep Red 660 nm,CH4,R660,GT-3535R660-S2F0
D298,330,320,0,3535,Deep Red 660 nm,CH4,R660,GT-3535R660-S2F0
D299,420,320,0,3535,Deep Red 660 nm,CH4,R660,GT-3535R660-S2F0
D300,510,320,0,3535,Deep Red 660 nm,CH4,R660,GT-3535R660-S2F0
D301,40,415,0,3535,Deep Red 660 nm,CH4,R660,GT-3535R660-S2F0
D302,130,415,0,3535,Deep Red 660 nm,CH4,R660,GT-3535R660-S2F0
D303,220,415,0,3535,Deep Red 660 nm,CH4,R660,GT-3535R660-S2F0
D304,310,415,0,3535,Deep Red 660 nm,CH4,R660,GT-3535R660-S2F0
D305,400,415,0,3535,Deep Red 660 nm,CH4,R660,GT-3535R660-S2F0
D306,490,415,0,3535,Deep Red 660 nm,CH4,R660,GT-3535R660-S2F0
D307,60,480,0,3535,Deep Red 660 nm,CH4,R660,GT-3535R660-S2F0
D308,150,460,0,3535,Deep Red 660 nm,CH4,R660,GT-3535R660-S2F0
D309,240,440,0,3535,Deep Red 660 nm,CH4,R660,GT-3535R660-S2F0
D310,330,420,0,3535,Deep Red 660 nm,CH4,R660,GT-3535R660-S2F0
D311,420,400,0,3535,Deep Red 660 nm,CH4,R660,GT-3535R660-S2F0
D312,510,480,0,3535,Deep Red 660 nm,CH4,R660,GT-3535R660-S2F0
D313,40,55,0,3535,Far-Red 730 nm,CH5,FR730,GT-3535R730-S2D5
D314,130,55,0,3535,Far-Red 730 nm,CH5,FR730,GT-3535R730-S2D5
D315,220,55,0,3535,Far-Red 730 nm,CH5,FR730,GT-3535R730-S2D5
D316,310,55,0,3535,Far-Red 730 nm,CH5,FR730,GT-3535R730-S2D5
D317,400,55,0,3535,Far-Red 730 nm,CH5,FR730,GT-3535R730-S2D5
D318,490,55,0,3535,Far-Red 730 nm,CH5,FR730,GT-3535R730-S2D5
D319,60,150,0,3535,Far-Red 730 nm,CH5,FR730,GT-3535R730-S2D5
D320,150,150,0,3535,Far-Red 730 nm,CH5,FR730,GT-3535R730-S2D5
D321,240,150,0,3535,Far-Red 730 nm,CH5,FR730,GT-3535R730-S2D5
D322,330,150,0,3535,Far-Red 730 nm,CH5,FR730,GT-3535R730-S2D5
D323,420,150,0,3535,Far-Red 730 nm,CH5,FR730,GT-3535R730-S2D5
D324,510,150,0,3535,Far-Red 730 nm,CH5,FR730,GT-3535R730-S2D5
