Designator,Comment,Mid X(mm),Mid Y(mm),Rotation,Layer
D001,GE-3030WXXX-Q1B2D0-4,20.0,20.0,0,Top
D002,GE-3030WXXX-Q1B2D0-4,20.0,71.11,0,Top
D003,GE-3030WXXX-Q1B2D0-4,20.0,122.22,0,Top
D004,GE-3030WXXX-Q1B2D0-4,20.0,173.33,0,Top
D005,GE-3030WXXX-Q1B2D0-4,20.0,224.44,0,Top
D006,GE-3030WXXX-Q1B2D0-4,20.0,275.56,0,Top
D007,GE-3030WXXX-Q1B2D0-4,20.0,326.67,0,Top
D008,GE-3030WXXX-Q1B2D0-4,20.0,377.78,0,Top
D009,GE-3030WXXX-Q1B2D0-4,20.0,428.89,0,Top
D010,GE-3030WXXX-Q1B2D0-4,20.0,480.0,0,Top
D011,GE-3030WXXX-Q1B2D0-4,45.5,20.0,0,Top
D012,GE-3030WXXX-Q1B2D0-4,45.5,71.11,0,Top
D013,GE-3030WXXX-Q1B2D0-4,45.5,122.22,0,Top
D014,GE-3030WXXX-Q1B2D0-4,45.5,173.33,0,Top
D015,GE-3030WXXX-Q1B2D0-4,45.5,224.44,0,Top
D016,GE-3030WXXX-Q1B2D0-4,45.5,275.56,0,Top
D017,GE-3030WXXX-Q1B2D0-4,45.5,326.67,0,Top
D018,GE-3030WXXX-Q1B2D0-4,45.5,377.78,0,Top
D019,GE-3030WXXX-Q1B2D0-4,45.5,428.89,0,Top
D020,GE-3030WXXX-Q1B2D0-4,45.5,480.0,0,Top
D021,GE-3030WXXX-Q1B2D0-4,71.0,20.0,0,Top
D022,GE-3030WXXX-Q1B2D0-4,71.0,71.11,0,Top
D023,GE-3030WXXX-Q1B2D0-4,71.0,122.22,0,Top
D024,GE-3030WXXX-Q1B2D0-4,71.0,173.33,0,Top
D025,GE-3030WXXX-Q1B2D0-4,71.0,224.44,0,Top
D026,GE-3030WXXX-Q1B2D0-4,71.0,275.56,0,Top
D027,GE-3030WXXX-Q1B2D0-4,71.0,326.67,0,Top
D028,GE-3030WXXX-Q1B2D0-4,71.0,377.78,0,Top
D029,GE-3030WXXX-Q1B2D0-4,71.0,428.89,0,Top
D030,GE-3030WXXX-Q1B2D0-4,71.0,480.0,0,Top
D031,GE-3030WXXX-Q1B2D0-4,96.5,20.0,0,Top
D032,GE-3030WXXX-Q1B2D0-4,96.5,71.11,0,Top
D033,GE-3030WXXX-Q1B2D0-4,96.5,122.22,0,Top
D034,GE-3030WXXX-Q1B2D0-4,96.5,173.33,0,Top
D035,GE-3030WXXX-Q1B2D0-4,96.5,224.44,0,Top
D036,GE-3030WXXX-Q1B2D0-4,96.5,275.56,0,Top
D037,GE-3030WXXX-Q1B2D0-4,96.5,326.67,0,Top
D038,GE-3030WXXX-Q1B2D0-4,96.5,377.78,0,Top
D039,GE-3030WXXX-Q1B2D0-4,96.5,428.89,0,Top
D040,GE-3030WXXX-Q1B2D0-4,96.5,480.0,0,Top
D041,GE-3030WXXX-Q1B2D0-4,122.0,20.0,0,Top
D042,GE-3030WXXX-Q1B2D0-4,122.0,71.11,0,Top
D043,GE-3030WXXX-Q1B2D0-4,122.0,122.22,0,Top
D044,GE-3030WXXX-Q1B2D0-4,122.0,173.33,0,Top
D045,GE-3030WXXX-Q1B2D0-4,122.0,224.44,0,Top
D046,GE-3030WXXX-Q1B2D0-4,122.0,275.56,0,Top
D047,GE-3030WXXX-Q1B2D0-4,122.0,326.67,0,Top
D048,GE-3030WXXX-Q1B2D0-4,122.0,377.78,0,Top
D049,GE-3030WXXX-Q1B2D0-4,122.0,428.89,0,Top
D050,GE-3030WXXX-Q1B2D0-4,122.0,480.0,0,Top
D051,GE-3030WXXX-Q1B2D0-4,147.5,20.0,0,Top
D052,GE-3030WXXX-Q1B2D0-4,147.5,71.11,0,Top
D053,GE-3030WXXX-Q1B2D0-4,147.5,122.22,0,Top
D054,GE-3030WXXX-Q1B2D0-4,147.5,173.33,0,Top
D055,GE-3030WXXX-Q1B2D0-4,147.5,224.44,0,Top
D056,GE-3030WXXX-Q1B2D0-4,147.5,275.56,0,Top
D057,GE-3030WXXX-Q1B2D0-4,147.5,326.67,0,Top
D058,GE-3030WXXX-Q1B2D0-4,147.5,377.78,0,Top
D059,GE-3030WXXX-Q1B2D0-4,147.5,428.89,0,Top
D060,GE-3030WXXX-Q1B2D0-4,147.5,480.0,0,Top
D061,GE-3030WXXX-Q1B2D0-4,173.0,20.0,0,Top
D062,GE-3030WXXX-Q1B2D0-4,173.0,71.11,0,Top
D063,GE-3030WXXX-Q1B2D0-4,173.0,122.22,0,Top
D064,GE-3030WXXX-Q1B2D0-4,173.0,173.33,0,Top
D065,GE-3030WXXX-Q1B2D0-4,173.0,224.44,0,Top
D066,GE-3030WXXX-Q1B2D0-4,173.0,275.56,0,Top
D067,GE-3030WXXX-Q1B2D0-4,173.0,326.67,0,Top
D068,GE-3030WXXX-Q1B2D0-4,173.0,377.78,0,Top
D069,GE-3030WXXX-Q1B2D0-4,173.0,428.89,0,Top
D070,GE-3030WXXX-Q1B2D0-4,173.0,480.0,0,Top
D071,GE-3030WXXX-Q1B2D0-4,198.5,20.0,0,Top
D072,GE-3030WXXX-Q1B2D0-4,198.5,71.11,0,Top
D073,GE-3030WXXX-Q1B2D0-4,198.5,122.22,0,Top
D074,GE-3030WXXX-Q1B2D0-4,198.5,173.33,0,Top
D075,GE-3030WXXX-Q1B2D0-4,198.5,224.44,0,Top
D076,GE-3030WXXX-Q1B2D0-4,198.5,275.56,0,Top
D077,GE-3030WXXX-Q1B2D0-4,198.5,326.67,0,Top
D078,GE-3030WXXX-Q1B2D0-4,198.5,377.78,0,Top
D079,GE-3030WXXX-Q1B2D0-4,198.5,428.89,0,Top
D080,GE-3030WXXX-Q1B2D0-4,198.5,480.0,0,Top
D081,GE-3030WXXX-Q1B2D0-4,224.0,20.0,0,Top
D082,GE-3030WXXX-Q1B2D0-4,224.0,71.11,0,Top
D083,GE-3030WXXX-Q1B2D0-4,224.0,122.22,0,Top
D084,GE-3030WXXX-Q1B2D0-4,224.0,173.33,0,Top
D085,GE-3030WXXX-Q1B2D0-4,224.0,224.44,0,Top
D086,GE-3030WXXX-Q1B2D0-4,224.0,275.56,0,Top
D087,GE-3030WXXX-Q1B2D0-4,224.0,326.67,0,Top
D088,GE-3030WXXX-Q1B2D0-4,224.0,377.78,0,Top
D089,GE-3030WXXX-Q1B2D0-4,224.0,428.89,0,Top
D090,GE-3030WXXX-Q1B2D0-4,224.0,480.0,0,Top
D091,GE-3030WXXX-Q1B2D0-4,249.5,20.0,0,Top
D092,GE-3030WXXX-Q1B2D0-4,249.5,71.11,0,Top
D093,GE-3030WXXX-Q1B2D0-4,249.5,122.22,0,Top
D094,GE-3030WXXX-Q1B2D0-4,249.5,173.33,0,Top
D095,GE-3030WXXX-Q1B2D0-4,249.5,224.44,0,Top
D096,GE-3030WXXX-Q1B2D0-4,249.5,275.56,0,Top
D097,GE-3030WXXX-Q1B2D0-4,249.5,326.67,0,Top
D098,GE-3030WXXX-Q1B2D0-4,249.5,377.78,0,Top
D099,GE-3030WXXX-Q1B2D0-4,249.5,428.89,0,Top
D100,GE-3030WXXX-Q1B2D0-4,249.5,480.0,0,Top
D101,GE-3030WXXX-Q1B2D0-4,275.0,20.0,0,Top
D102,GE-3030WXXX-Q1B2D0-4,275.0,71.11,0,Top
D103,GE-3030WXXX-Q1B2D0-4,275.0,122.22,0,Top
D104,GE-3030WXXX-Q1B2D0-4,275.0,173.33,0,Top
D105,GE-3030WXXX-Q1B2D0-4,275.0,224.44,0,Top
D106,GE-3030WXXX-Q1B2D0-4,275.0,275.56,0,Top
D107,GE-3030WXXX-Q1B2D0-4,275.0,326.67,0,Top
D108,GE-3030WXXX-Q1B2D0-4,275.0,377.78,0,Top
D109,GE-3030WXXX-Q1B2D0-4,275.0,428.89,0,Top
D110,GE-3030WXXX-Q1B2D0-4,275.0,480.0,0,Top
D111,GE-3030WXXX-Q1B2D0-4,300.5,20.0,0,Top
D112,GE-3030WXXX-Q1B2D0-4,300.5,71.11,0,Top
D113,GE-3030WXXX-Q1B2D0-4,300.5,122.22,0,Top
D114,GE-3030WXXX-Q1B2D0-4,300.5,173.33,0,Top
D115,GE-3030WXXX-Q1B2D0-4,300.5,224.44,0,Top
D116,GE-3030WXXX-Q1B2D0-4,300.5,275.56,0,Top
D117,GE-3030WXXX-Q1B2D0-4,300.5,326.67,0,Top
D118,GE-3030WXXX-Q1B2D0-4,300.5,377.78,0,Top
D119,GE-3030WXXX-Q1B2D0-4,300.5,428.89,0,Top
D120,GE-3030WXXX-Q1B2D0-4,300.5,480.0,0,Top
D121,GE-3030WXXX-Q1B2D0-4,326.0,20.0,0,Top
D122,GE-3030WXXX-Q1B2D0-4,326.0,71.11,0,Top
D123,GE-3030WXXX-Q1B2D0-4,326.0,122.22,0,Top
D124,GE-3030WXXX-Q1B2D0-4,326.0,173.33,0,Top
D125,GE-3030WXXX-Q1B2D0-4,326.0,224.44,0,Top
D126,GE-3030WXXX-Q1B2D0-4,326.0,275.56,0,Top
D127,GE-3030WXXX-Q1B2D0-4,326.0,326.67,0,Top
D128,GE-3030WXXX-Q1B2D0-4,326.0,377.78,0,Top
D129,GE-3030WXXX-Q1B2D0-4,326.0,428.89,0,Top
D130,GE-3030WXXX-Q1B2D0-4,326.0,480.0,0,Top
D131,GE-3030WXXX-Q1B2D0-4,351.5,20.0,0,Top
D132,GE-3030WXXX-Q1B2D0-4,351.5,71.11,0,Top
D133,GE-3030WXXX-Q1B2D0-4,351.5,122.22,0,Top
D134,GE-3030WXXX-Q1B2D0-4,351.5,173.33,0,Top
D135,GE-3030WXXX-Q1B2D0-4,351.5,224.44,0,Top
D136,GE-3030WXXX-Q1B2D0-4,351.5,275.56,0,Top
D137,GE-3030WXXX-Q1B2D0-4,351.5,326.67,0,Top
D138,GE-3030WXXX-Q1B2D0-4,351.5,377.78,0,Top
D139,GE-3030WXXX-Q1B2D0-4,351.5,428.89,0,Top
D140,GE-3030WXXX-Q1B2D0-4,351.5,480.0,0,Top
D141,GE-3030WXXX-Q1B2D0-4,377.0,20.0,0,Top
D142,GE-3030WXXX-Q1B2D0-4,377.0,71.11,0,Top
D143,GE-3030WXXX-Q1B2D0-4,377.0,122.22,0,Top
D144,GE-3030WXXX-Q1B2D0-4,377.0,173.33,0,Top
D145,GE-3030WXXX-Q1B2D0-4,377.0,224.44,0,Top
D146,GE-3030WXXX-Q1B2D0-4,377.0,275.56,0,Top
D147,GE-3030WXXX-Q1B2D0-4,377.0,326.67,0,Top
D148,GE-3030WXXX-Q1B2D0-4,377.0,377.78,0,Top
D149,GE-3030WXXX-Q1B2D0-4,377.0,428.89,0,Top
D150,GE-3030WXXX-Q1B2D0-4,377.0,480.0,0,Top
D151,GE-3030WXXX-Q1B2D0-4,402.5,20.0,0,Top
D152,GE-3030WXXX-Q1B2D0-4,402.5,71.11,0,Top
D153,GE-3030WXXX-Q1B2D0-4,402.5,122.22,0,Top
D154,GE-3030WXXX-Q1B2D0-4,402.5,173.33,0,Top
D155,GE-3030WXXX-Q1B2D0-4,402.5,224.44,0,Top
D156,GE-3030WXXX-Q1B2D0-4,402.5,275.56,0,Top
D157,GE-3030WXXX-Q1B2D0-4,402.5,326.67,0,Top
D158,GE-3030WXXX-Q1B2D0-4,402.5,377.78,0,Top
D159,GE-3030WXXX-Q1B2D0-4,402.5,428.89,0,Top
D160,GE-3030WXXX-Q1B2D0-4,402.5,480.0,0,Top
D161,GE-3030WXXX-Q1B2D0-4,428.0,20.0,0,Top
D162,GE-3030WXXX-Q1B2D0-4,428.0,71.11,0,Top
D163,GE-3030WXXX-Q1B2D0-4,428.0,122.22,0,Top
D164,GE-3030WXXX-Q1B2D0-4,428.0,173.33,0,Top
D165,GE-3030WXXX-Q1B2D0-4,428.0,224.44,0,Top
D166,GE-3030WXXX-Q1B2D0-4,428.0,275.56,0,Top
D167,GE-3030WXXX-Q1B2D0-4,428.0,326.67,0,Top
D168,GE-3030WXXX-Q1B2D0-4,428.0,377.78,0,Top
D169,GE-3030WXXX-Q1B2D0-4,428.0,428.89,0,Top
D170,GE-3030WXXX-Q1B2D0-4,428.0,480.0,0,Top
D171,GE-3030WXXX-Q1B2D0-4,453.5,20.0,0,Top
D172,GE-3030WXXX-Q1B2D0-4,453.5,71.11,0,Top
D173,GE-3030WXXX-Q1B2D0-4,453.5,122.22,0,Top
D174,GE-3030WXXX-Q1B2D0-4,453.5,173.33,0,Top
D175,GE-3030WXXX-Q1B2D0-4,453.5,224.44,0,Top
D176,GE-3030WXXX-Q1B2D0-4,453.5,275.56,0,Top
D177,GE-3030WXXX-Q1B2D0-4,453.5,326.67,0,Top
D178,GE-3030WXXX-Q1B2D0-4,453.5,377.78,0,Top
D179,GE-3030WXXX-Q1B2D0-4,453.5,428.89,0,Top
D180,GE-3030WXXX-Q1B2D0-4,453.5,480.0,0,Top
D181,GE-3030WXXX-Q1B2D0-4,479.0,20.0,0,Top
D182,GE-3030WXXX-Q1B2D0-4,479.0,71.11,0,Top
D183,GE-3030WXXX-Q1B2D0-4,479.0,122.22,0,Top
D184,GE-3030WXXX-Q1B2D0-4,479.0,173.33,0,Top
D185,GE-3030WXXX-Q1B2D0-4,479.0,224.44,0,Top
D186,GE-3030WXXX-Q1B2D0-4,479.0,275.56,0,Top
D187,GE-3030WXXX-Q1B2D0-4,479.0,326.67,0,Top
D188,GE-3030WXXX-Q1B2D0-4,479.0,377.78,0,Top
D189,GE-3030WXXX-Q1B2D0-4,479.0,428.89,0,Top
D190,GE-3030WXXX-Q1B2D0-4,479.0,480.0,0,Top
D191,GE-3030WXXX-Q1B2D0-4,504.5,20.0,0,Top
D192,GE-3030WXXX-Q1B2D0-4,504.5,71.11,0,Top
D193,GE-3030WXXX-Q1B2D0-4,504.5,122.22,0,Top
D194,GE-3030WXXX-Q1B2D0-4,504.5,173.33,0,Top
D195,GE-3030WXXX-Q1B2D0-4,504.5,224.44,0,Top
D196,GE-3030WXXX-Q1B2D0-4,504.5,275.56,0,Top
D197,GE-3030WXXX-Q1B2D0-4,504.5,326.67,0,Top
D198,GE-3030WXXX-Q1B2D0-4,504.5,377.78,0,Top
D199,GE-3030WXXX-Q1B2D0-4,504.5,428.89,0,Top
D200,GE-3030WXXX-Q1B2D0-4,504.5,480.0,0,Top
D201,GE-3030WXXX-Q1B2D0-4,530.0,20.0,0,Top
D202,GE-3030WXXX-Q1B2D0-4,530.0,71.11,0,Top
D203,GE-3030WXXX-Q1B2D0-4,530.0,122.22,0,Top
D204,GE-3030WXXX-Q1B2D0-4,530.0,173.33,0,Top
D205,GE-3030WXXX-Q1B2D0-4,530.0,224.44,0,Top
D206,GE-3030WXXX-Q1B2D0-4,530.0,275.56,0,Top
D207,GE-3030WXXX-Q1B2D0-4,530.0,326.67,0,Top
D208,GE-3030WXXX-Q1B2D0-4,530.0,377.78,0,Top
D209,GE-3030WXXX-Q1B2D0-4,530.0,428.89,0,Top
D210,GE-3030WXXX-Q1B2D0-4,530.0,480.0,0,Top
D211,GC-3030WXXX-J2B2D0-4,40,35,0,Top
D212,GC-3030WXXX-J2B2D0-4,130,35,0,Top
D213,GC-3030WXXX-J2B2D0-4,220,35,0,Top
D214,GC-3030WXXX-J2B2D0-4,310,35,0,Top
D215,GC-3030WXXX-J2B2D0-4,400,35,0,Top
D216,GC-3030WXXX-J2B2D0-4,490,35,0,Top
D217,GC-3030WXXX-J2B2D0-4,60,130,0,Top
D218,GC-3030WXXX-J2B2D0-4,150,130,0,Top
D219,GC-3030WXXX-J2B2D0-4,240,130,0,Top
D220,GC-3030WXXX-J2B2D0-4,330,130,0,Top
D221,GC-3030WXXX-J2B2D0-4,420,130,0,Top
D222,GC-3030WXXX-J2B2D0-4,510,130,0,Top
D223,GC-3030WXXX-J2B2D0-4,40,225,0,Top
D224,GC-3030WXXX-J2B2D0-4,130,225,0,Top
D225,GC-3030WXXX-J2B2D0-4,220,225,0,Top
D226,GC-3030WXXX-J2B2D0-4,310,225,0,Top
D227,GC-3030WXXX-J2B2D0-4,400,225,0,Top
D228,GC-3030WXXX-J2B2D0-4,490,225,0,Top
D229,GC-3030WXXX-J2B2D0-4,60,320,0,Top
D230,GC-3030WXXX-J2B2D0-4,150,320,0,Top
D231,GC-3030WXXX-J2B2D0-4,240,320,0,Top
D232,GC-3030WXXX-J2B2D0-4,330,320,0,Top
D233,GC-3030WXXX-J2B2D0-4,420,320,0,Top
D234,GC-3030WXXX-J2B2D0-4,510,320,0,Top
D235,GC-3030WXXX-J2B2D0-4,40,415,0,Top
D236,GC-3030WXXX-J2B2D0-4,130,415,0,Top
D237,GC-3030WXXX-J2B2D0-4,220,415,0,Top
D238,GC-3030WXXX-J2B2D0-4,310,415,0,Top
D239,GC-3030WXXX-J2B2D0-4,400,415,0,Top
D240,GC-3030WXXX-J2B2D0-4,490,415,0,Top
D241,GC-3030WXXX-J2B2D0-4,60,480,0,Top
D242,GC-3030WXXX-J2B2D0-4,150,460,0,Top
D243,GC-3030WXXX-J2B2D0-4,240,440,0,Top
D244,GC-3030WXXX-J2B2D0-4,330,420,0,Top
D245,GC-3030WXXX-J2B2D0-4,420,400,0,Top
D246,GC-3030WXXX-J2B2D0-4,510,480,0,Top
D247,GC-3030WXXX-J2B2D0-4,40,460,0,Top
D248,GC-3030WXXX-J2B2D0-4,130,440,0,Top
D249,GC-3030WXXX-J2B2D0-4,220,420,0,Top
D250,GC-3030WXXX-J2B2D0-4,310,400,0,Top
D251,GC-3030WXXX-J2B2D0-4,400,480,0,Top
D252,GC-3030WXXX-J2B2D0-4,490,460,0,Top
D253,GT-3535B450-S1D0,40,45,0,Top
D254,GT-3535B450-S1D0,130,45,0,Top
D255,GT-3535B450-S1D0,220,45,0,Top
D256,GT-3535B450-S1D0,310,45,0,Top
D257,GT-3535B450-S1D0,400,45,0,Top
D258,GT-3535B450-S1D0,490,45,0,Top
D259,GT-3535B450-S1D0,60,140,0,Top
D260,GT-3535B450-S1D0,150,140,0,Top
D261,GT-3535B450-S1D0,240,140,0,Top
D262,GT-3535B450-S1D0,330,140,0,Top
D263,GT-3535B450-S1D0,420,140,0,Top
D264,GT-3535B450-S1D0,510,140,0,Top
D265,GT-3535B450-S1D0,40,235,0,Top
D266,GT-3535B450-S1D0,130,235,0,Top
D267,GT-3535B450-S1D0,220,235,0,Top
D268,GT-3535B450-S1D0,310,235,0,Top
D269,GT-3535B450-S1D0,400,235,0,Top
D270,GT-3535B450-S1D0,490,235,0,Top
D271,GT-3535B450-S1D0,60,330,0,Top
D272,GT-3535B450-S1D0,150,330,0,Top
D273,GT-3535B450-S1D0,240,330,0,Top
D274,GT-3535B450-S1D0,330,330,0,Top
D275,GT-3535B450-S1D0,420,330,0,Top
D276,GT-3535B450-S1D0,510,330,0,Top
D277,GT-3535R660-S2F0,40,35,0,Top
D278,GT-3535R660-S2F0,130,35,0,Top
D279,GT-3535R660-S2F0,220,35,0,Top
D280,GT-3535R660-S2F0,310,35,0,Top
D281,GT-3535R660-S2F0,400,35,0,Top
D282,GT-3535R660-S2F0,490,35,0,Top
D283,GT-3535R660-S2F0,60,130,0,Top
D284,GT-3535R660-S2F0,150,130,0,Top
D285,GT-3535R660-S2F0,240,130,0,Top
D286,GT-3535R660-S2F0,330,130,0,Top
D287,GT-3535R660-S2F0,420,130,0,Top
D288,GT-3535R660-S2F0,510,130,0,Top
D289,GT-3535R660-S2F0,40,225,0,Top
D290,GT-3535R660-S2F0,130,225,0,Top
D291,GT-3535R660-S2F0,220,225,0,Top
D292,GT-3535R660-S2F0,310,225,0,Top
D293,GT-3535R660-S2F0,400,225,0,Top
D294,GT-3535R660-S2F0,490,225,0,Top
D295,GT-3535R660-S2F0,60,320,0,Top
D296,GT-3535R660-S2F0,150,320,0,Top
D297,GT-3535R660-S2F0,240,320,0,Top
D298,GT-3535R660-S2F0,330,320,0,Top
D299,GT-3535R660-S2F0,420,320,0,Top
D300,GT-3535R660-S2F0,510,320,0,Top
D301,GT-3535R660-S2F0,40,415,0,Top
D302,GT-3535R660-S2F0,130,415,0,Top
D303,GT-3535R660-S2F0,220,415,0,Top
D304,GT-3535R660-S2F0,310,415,0,Top
D305,GT-3535R660-S2F0,400,415,0,Top
D306,GT-3535R660-S2F0,490,415,0,Top
D307,GT-3535R660-S2F0,60,480,0,Top
D308,GT-3535R660-S2F0,150,460,0,Top
D309,GT-3535R660-S2F0,240,440,0,Top
D310,GT-3535R660-S2F0,330,420,0,Top
D311,GT-3535R660-S2F0,420,400,0,Top
D312,GT-3535R660-S2F0,510,480,0,Top
D313,GT-3535R730-S2D5,40,55,0,Top
D314,GT-3535R730-S2D5,130,55,0,Top
D315,GT-3535R730-S2D5,220,55,0,Top
D316,GT-3535R730-S2D5,310,55,0,Top
D317,GT-3535R730-S2D5,400,55,0,Top
D318,GT-3535R730-S2D5,490,55,0,Top
D319,GT-3535R730-S2D5,60,150,0,Top
D320,GT-3535R730-S2D5,150,150,0,Top
D321,GT-3535R730-S2D5,240,150,0,Top
D322,GT-3535R730-S2D5,330,150,0,Top
D323,GT-3535R730-S2D5,420,150,0,Top
D324,GT-3535R730-S2D5,510,150,0,Top
